num_particles, time
1024, 0.242346
2048, 0.314252
4096, 0.608510
8192, 1.133285
16384, 3.325055
32768, 6.664297
65536, 12.668120
131072, 24.079928
262144, 54.646103
524288, 110.029920
