num_particles, time
1024,  0.120894
2048,  0.138362
4096,  0.141915
8192,  0.147227
16384,  0.189276
32768,  0.419336
65536,  0.905204
131072,  3.078161
262144,  11.619174
524288,  42.904315
