num_particles, time
1024, 0.231300
2048, 0.242515
4096, 0.350563
8192, 0.609357
16384, 1.809249
32768, 3.076691
65536, 6.304147
131072, 14.498261
262144, 27.362274
524288, 62.486759
