num_particles, time
1024,  0.100130
2048,  0.154967
4096,  0.086413
8192,  0.147868
16384,  0.145077
32768,  0.263770
65536,  0.490119
131072,  0.878558
262144,  1.465420
524288,  2.961911
