num_particles, time
1024,  0.075226
2048,  0.139223
4096,  0.297126
8192,  0.508340
16384,  1.502668
32768,  3.972051
65536,  14.511497
131072,  44.534613
262144,  197.516493
524288,  502.316369